<?xml version="1.0" encoding="UTF-8"?>
<Configuration status="INFO">

   <Properties>
        <Property name="LOG_PATTERN">%d{HH:mm:ss.SSS} [%p] --- [%10.50t] %-1.50c{1.}.%-1.20M:%L: %m%n%ex</Property>
    </Properties>

    <!-- Appenders -->
    <Appenders>
        <Console name="Console_Appender" target="SYSTEM_OUT">
            <PatternLayout pattern="${LOG_PATTERN}"/>
        </Console>
    </Appenders>

    <!-- Loggers -->
    <Loggers>
        <!-- Application Logger -->
        <Logger name="com.party.controller" level="info" additivity="false">
            <AppenderRef ref="Console_Appender" />
        </Logger>

        <!-- 3rdparty Loggers -->
        <Logger name="org.springframework.core" level="info" additivity="false">
            <AppenderRef ref="Console_Appender" />
        </Logger>

        <Logger name="org.springframework.beans" level="info" additivity="false">
            <AppenderRef ref="Console_Appender" />
        </Logger>

        <Logger name="org.springframework.context" level="info" additivity="false">
            <AppenderRef ref="Console_Appender" />
        </Logger>

        <Logger name="org.springframework.web" level="info" additivity="false">
            <AppenderRef ref="Console_Appender" />
        </Logger>

        <!-- Root Logger -->
        <Root level="INFO" additivity="false">
            <AppenderRef ref="Console_Appender" />
        </Root>
    </Loggers>

</Configuration>