<?xml version="1.0" encoding="UTF-8"?>
<!DOCTYPE mapper PUBLIC "-//mybatis.org//DTD Mapper 3.0//EN" "http://mybatis.org/dtd/mybatis-3-mapper.dtd">


<mapper namespace="com.party.member.dao.MemberDAO">

	<select id="memberlogin" resultType="memberVO">
  	select *
  	from member
  	where id=#{id}
	</select>

	<select id="findId" resultType="memberVO">
  	select id,nickname
  	from member
  	where nickname=#{nickname} and tel=#{tel}
	</select>
	
	<select id="findPw" resultType="memberVO">
  	select id,nickname
  	from member
  	where id=#{id} and tel=#{tel}
	</select>
	
	<update id="tryUp">
		UPDATE member
		SET trynum=trynum+1
		WHERE id = #{id}
	</update>
	
	<update id="tryReset">
		UPDATE member
		SET trynum=0
		WHERE id = #{id}
	</update>
	
	
</mapper>