<?xml version="1.0" encoding="UTF-8"?>
<!DOCTYPE mapper PUBLIC "-//mybatis.org//DTD Mapper 3.0//EN" "http://mybatis.org/dtd/mybatis-3-mapper.dtd">

<mapper namespace="com.party.notice.dao.NoticeDAO">

	<select id="getTotalCount" resultType="int">
		SELECT COUNT(*)
		FROM NOTICE
	</select>

	<select id="getAllNotice" resultType="noticeVO">
		SELECT *
		FROM (SELECT t.*,ROWNUM AS rnum
			FROM(SELECT n_num, n_title, n_content, n_date ,hits
			     FROM notice
				 ORDER BY n_num DESC)t
			WHERE <![CDATA[ROWNUM <= #{page2}]]>)
		WHERE <![CDATA[rnum >= #{page}]]>	
	</select>
	
	<select id="getNotice" resultType="noticeVO">
		SELECT n_num, n_title, n_content, n_date ,hits
		FROM notice
		WHERE n_num = #{n_num}
	</select>
	
	<insert id="insertNotice">
		INSERT INTO notice (n_title, n_content)
		VALUES (#{n_title}, #{n_content})
	</insert>
	
	<update id="updateNotice">
		UPDATE notice
		SET n_title = #{n_title}, n_content = #{n_content}
		WHERE n_num = #{n_num}
	</update>
	
	<delete id="deleteNotice">
		DELETE FROM notice
		WHERE n_num = #{n_num}
	</delete>
	
	<select id="getFilterTotal" resultType="int">
		SELECT COUNT(*)
		FROM NOTICE
		WHERE UPPER(n_title) like #{notice_search}OR 
			  UPPER(n_content) like #{notice_search}
	</select>
	
	<!-- 제목이나 내용 검색 -->
	<select id="filterNotice" resultType="noticeVO">
		SELECT *
		FROM (SELECT t.*,ROWNUM AS rnum
			FROM(SELECT *
				FROM NOTICE 
				WHERE UPPER(n_title)
				like #{notice_search}OR 
				UPPER(n_content)
				like #{notice_search} ORDER BY N_NUM DESC)t
			WHERE <![CDATA[ROWNUM <= #{page2}]]>)
		WHERE <![CDATA[rnum >= #{page}]]>
		
	</select>
	
	<update id="hitsUp">
		UPDATE notice
		SET hits=hits+1
		WHERE n_num = #{n_num}
	</update>	
	
	
	

</mapper>


