<?xml version="1.0" encoding="UTF-8"?>
<beans xmlns="http://www.springframework.org/schema/beans"
	xmlns:xsi="http://www.w3.org/2001/XMLSchema-instance"
	xmlns:tx="http://www.springframework.org/schema/tx"
	xmlns:context="http://www.springframework.org/schema/context"
	xsi:schemaLocation="http://www.springframework.org/schema/beans http://www.springframework.org/schema/beans/spring-beans-4.3.xsd
		http://www.springframework.org/schema/tx http://www.springframework.org/schema/tx/spring-tx-4.3.xsd
		http://www.springframework.org/schema/jdbc http://www.springframework.org/schema/jdbc/spring-jdbc-4.3.xsd">
	
	<!-- Root Context: defines shared resources visible to all other web components -->
	<!-- <context:component-scan base-package="com.party.login"></context:component-scan>		
	<context:component-scan base-package="com.party.member"></context:component-scan>
	<context:component-scan base-package="com.party.room"></context:component-scan>
	<context:component-scan base-package="com.party.reservation"></context:component-scan>	
	<context:component-scan base-package="com.party.notice"></context:component-scan>	
	<context:component-scan base-package="com.party.question"></context:component-scan>	
	<context:component-scan base-package="com.party.review"></context:component-scan>
	<context:component-scan base-package="com.party.like"></context:component-scan>	 -->
		
	<bean id="dataSource" class="org.apache.commons.dbcp.BasicDataSource" destroy-method="close"> 
		<property name="driverClassName" value="oracle.jdbc.driver.OracleDriver"/> 
		<property name="url" value="jdbc:oracle:thin:@127.0.0.1:1521:xe" /> 
		<property name="username" value="c##osj"/> 
		<property name="password" value="osj"/> 
	</bean>	
		
	<!-- SqlSessionFactory --> <!-- mybatis config --><!-- mapper -->
	<bean id="sqlSessionFactory" class="org.mybatis.spring.SqlSessionFactoryBean"> 
		<property name="dataSource" ref="dataSource" />
		<property name="configLocation" value="classpath:/mybatis-config.xml" />
		<property name="mapperLocations" value="classpath:/mapper/*.xml" />
	</bean>	
	
	<!-- SqlSessionTemplate :  mybatis-spring  -->
	<bean id="sqlSession" class="org.mybatis.spring.SqlSessionTemplate" > 
		<constructor-arg name="sqlSessionFactory" ref="sqlSessionFactory" /> 
	</bean>
	
	<!-- mapper interface  -->
	<bean class="org.mybatis.spring.mapper.MapperScannerConfigurer"> 
		<property name="basePackage" value="com.party.member.dao, com.party.question.dao, com.party.board.dao
				, com.party.room.dao, com.party.review.dao, com.party.notice.dao, com.party.reservation.dao
				,com.party.like.dao" /> 
	</bean>
	

	
	<bean id="transactionManager" class="org.springframework.jdbc.datasource.DataSourceTransactionManager"> 
		<property name="dataSource" ref="dataSource" /> 
	</bean>
	
		<bean id="mailSender" class="org.springframework.mail.javamail.JavaMailSenderImpl"> 
     <property name="host" value="smtp.naver.com"/> <!-- 메이서버 호스트 -->
     <property name="port" value="465"/> <!-- 메이서버 포트번호 -->
     <property name="username" value="osj0203"/> <!-- 자신의 이메일 아이디 -->
     <property name="password" value="tjrwls4080!"/> <!-- 자신의 비밀번호 -->
       <!-- 보안연결 SSL과 관련된 설정 -->
     <property name="javaMailProperties">
      <props>
      <prop key="mail.smtp.auth">true</prop>
      <prop key="mail.smtp.starttls.enable">true</prop>
      <prop key="mail.smtps.checkserveridentity">true</prop>
      <prop key="mail.smtps.ssl.trust">*</prop>
      <prop key="mail.debug">true</prop>
      <prop key="mail.smtp.socketFactory.class">javax.net.ssl.SSLSocketFactory</prop>
      </props>
     </property>
    </bean>	
		
	<tx:annotation-driven transaction-manager="transactionManager"/> 	
		
</beans>
